Set,Title,Text,Filename
"Story Set 1: Character Adventures","Barnaby's Big Brave Moment","Barnaby was a teacup who was afraid of tea. He saw the big, steaming pot and shivered, his porcelain chattering. One day, a little girl with warm hands chose him. 'You're my favorite,' she whispered. She filled him not with tea, but with cool milk and a single strawberry. Barnaby decided he wasn't afraid anymore.",story_timid_teacup.mp3
"Story Set 1: Character Adventures","Miles and the Magic Armchair","Miles was a brass compass whose needle always pointed to his favorite armchair. Not North. This was a problem, as he belonged to a famous explorer named Penelope. 'Useless!' she'd mutter, stuffing him in a pocket filled with lint. One day, Penelope got terribly lost in a foggy forest. She pulled Miles out in desperation. He couldn't find North, but he could find the way back to his armchair. He spun confidently, pointing through the fog. Penelope followed, and soon they were home, safe and warm. Miles never found North, but he had found his purpose.",story_compass_north.mp3
"Story Set 2: Lost and Found Tales","The Great Sock Reunion","In the world under the dryer, there lived a civilization of lost socks. Their leader was a wise, argyle sock named Argus. He had seen many things, mostly the inside of a washing machine. One day, a young, bright pink sock with stripes fell from the sky. 'Where am I?' she cried. 'You are in the Land of the Lost,' Argus said calmly. 'But I'm not lost! I'm a left sock! My right sock is waiting for me!' The other socks chuckled. No one ever found their match. But the pink sock was determined. She spent weeks learning the terrain—the mountains of forgotten sweaters, the canyons of lint. She befriended a lonely button and a wise old dust bunny. Together, they navigated the treacherous landscape back to the laundry room door. Just as she was about to give up hope, the dryer door opened, and a matching pink sock tumbled out. It was a joyful reunion, and a legend was born in the Land of the Lost.",story_left_sock.mp3
"Story Set 2: Lost and Found Tales","Horatio's Time Machine","In a dusty antique shop sat a small, mahogany clock named Horatio. Unlike the other clocks, who proudly marched forward, ticking off the seconds, Horatio's hands swept counter-clockwise. He didn't tick; he tocked. The other antiques mocked him. 'He's unraveling time!' cackled a grandfather clock. 'An utter disgrace to horology!' hissed a cuckoo clock. Horatio was lonely, as no one wanted a clock that couldn't tell them what time it was, but only what time it had been. The shopkeeper, a kind old man named Mr. Gable, would just polish him gently and say, 'Your time will come, my friend.' One day, a woman came into the shop, her eyes red with tears. She had lost a precious locket her grandmother had given her, a locket she remembered holding just that morning. She was distraught, trying to retrace her steps, but her memory was a jumble of stress. Mr. Gable had a thought. He brought Horatio to the woman and set him on the counter. 'Watch this,' he said. The little clock's hands began to move backwards, tocking softly. 'Ah,' said the woman, her eyes following the hands. 'An hour ago... I was paying for my newspaper.' The hands moved further. 'Three hours ago... I was at the cafe.' As the clock's hands swept backwards, so did her memory, becoming clearer and more organized with each tock. 'Wait!' she gasped. 'I remember now! I took it off to wash my hands at the cafe!' She rushed out of the shop, only to return an hour later, the silver locket gleaming in her hand. She bought Horatio on the spot. He didn't just tell time; he found lost time.",story_clock_backwards.mp3
"Story Set 3: Sky and Weather Stories","Nimbus Steals the Show","Nimbus was a cloud who hated parades. Everyone else loved them—the fluffy white clouds would form shapes of bunnies and dragons. But Nimbus preferred to be a respectable, grumpy gray. One day, the Sun, who was the grand marshal of the annual Sky Parade, assigned Nimbus a very important job. 'You,' the Sun declared, 'will provide the dramatic tension!' Nimbus was confused. During the parade, as a procession of rainbow-colored clouds drifted by, the Sun gave him a nod. Nimbus did what he did best: he grumbled. A low, rolling thunder echoed from his center. The other clouds gasped. The little star-shaped clouds twinkled nervously. The audience on the ground looked up with anticipation. Then, as the final, majestic sunbeam float passed, Nimbus, on cue, produced a single, perfect, shimmering raindrop that landed right on the parade judge's nose. The judge, a cranky old moonbeam, laughed so hard that he declared it the best parade ever. Nimbus discovered that even a grumpy cloud has an important part to play, and he secretly looked forward to next year's parade.",story_grumpy_cloud.mp3
"Story Set 3: Sky and Weather Stories","Edison's Shining Moment","Edison was a streetlight on a quiet, sleepy corner. His job was simple: from dusk until dawn, he cast a perfect circle of orange light onto the pavement. It was a good, steady job, but Edison dreamed of more. He spent his nights staring up at the vast, glittering blanket of the sky. He didn't want to just illuminate a small patch of sidewalk; he wanted to be a star. He tried to shine brighter, hoping a passing comet might notice him. He tried to flicker, imagining he was twinkling. The other streetlights just buzzed at him to be sensible. 'We are lights of the street, not lights of the sky,' they'd say. One cold, winter night, a little girl was walking home, clutching a drawing. A gust of wind snatched it from her hands and sent it fluttering into the air. Crying, she lost sight of it in the darkness. Edison, seeing her distress, put all his effort into one magnificent surge of light, shining far brighter than ever before. For a single, brilliant moment, his orange glow illuminated the lost drawing, pinned against a tree branch. The little girl found her masterpiece and looked up at Edison with a grateful smile. 'Thank you, my star,' she whispered. Edison had never been happier. He realized you didn't have to be in the sky to be someone's star.",story_streetlight_stars.mp3
"Story Set 3: Sky and Weather Stories","Leo's Leap of Faith","Leo was the last leaf on the great oak tree. All his brothers and sisters had long since let go, dancing down to the ground in a brilliant cascade of red and gold. But Leo held on. He wasn't afraid of falling; he was afraid of what came next. The wind whispered to him, 'It's time, little one. It's the way of things.' The branches creaked their agreement. But Leo gripped the twig with all his might. He watched the world below transform. Children built forts in the piles of his fallen siblings. A squirrel used one of his cousins as a blanket. The world moved on without him. He grew tired and brittle. One morning, a tiny snowflake, the very first of the season, landed gently on his surface. It didn't push him or scold him. It just sat there, cool and quiet. 'You're new,' Leo rustled. 'I am,' the snowflake whispered back. 'And soon, there will be millions of me. We will cover the world in a soft, white blanket so it can rest. But we can't start until the last leaf falls.' Leo looked down at the sleeping world and then at the patient snowflake. He finally understood. It wasn't about the end of his own story, but the beginning of another's. With a final, peaceful sigh, he let go. He didn't fall. He floated, spiraling gracefully down, the first snowflake's trusted companion on the journey to the quiet, waiting earth.",story_autumn_leaf.mp3
"Story Set 4: Creative Problem Solving","Smudge's Perfect Memory","Smudge was an eraser, but he had a secret flaw: he remembered every mistake he had ever fixed. He remembered the backwards 'S' from little Timmy's first story, the misspelled 'banana' from a grocery list, and the extra leg on a drawing of a horse. These memories weighed him down, making him gray and gritty. The other art supplies in the pencil case didn't understand. 'Your job is to forget!' the sharpener would grind at him. The pencil agreed, saying, 'A clean slate is a happy slate!' But Smudge couldn't help it. He felt like a fraud, a monument to every error ever made. One afternoon, the artist they belonged to was working on her most important painting yet—a portrait of her grandfather. Her hand slipped, leaving a long, dark streak across his cheek. She gasped in despair. 'It's ruined!' she cried, ready to tear the canvas. But Smudge, seeing the familiar shape of the error, knew exactly what to do. 'Wait!' he squeaked, and he rolled onto the canvas. Because he remembered every smudge and slip, he knew the precise pressure, the exact angle, and the perfect motion to lift the graphite without harming the paper underneath. He moved with a grace no other eraser possessed. When he was done, the mistake was gone, completely. The artist stared in wonder. 'You saved it!' she said. Smudge finally understood. His memories weren't a flaw; they were his experience. They made him the best eraser in the world.",story_eraser_forget.mp3
"Story Set 4: Creative Problem Solving","Forky's Soup Solution","Forky was, for all intents and purposes, a perfectly good fork. He had four sharp, gleaming tines. He was excellent at stabbing peas, twirling spaghetti, and securing pieces of chicken. But in his heart, he yearned to be a spoon. He watched with envy as the spoons got to scoop up all the best things: ice cream, soup, pudding, and the sugary milk at the bottom of a cereal bowl. His life felt pointy and incomplete. One evening, the family was having soup for dinner. Forky was left in the drawer, listening to the happy clinking of the spoons against the bowls. But then he heard a small voice cry out. The youngest child had dropped her spoon on the floor. 'I can't eat my soup!' she wailed. Her father sighed. 'All the other spoons are dirty, sweetheart. We'll have to wash one.' But the little girl was hungry now. Forky knew this was his moment. He wiggled his way to the front of the drawer. The father, seeing him, had an idea. He took Forky and also grabbed a piece of bread from a basket on the table. He showed his daughter how to spear a piece of bread with Forky's tines and then use the bread to soak up the delicious soup. It was a revelation! The little girl giggled as she ate her entire meal using the fork-and-bread contraption. Forky had never felt so useful. He realized he didn't need to be a spoon to scoop up soup. He just needed to be a clever fork with a good partner.",story_fork_spoon.mp3
"Story Set 5: Mindful Observation","The Tiny Witness","A single mote of dust, so small it had no name, drifted on a sunbeam in the grand library. It had no ambitions, no desires, no purpose but to float where the air took it. But from its unique vantage point, it saw everything. It danced over the pages as a young student discovered the secrets of the universe in a physics textbook. It settled gently on the tear that fell from a reader's eye as she finished a tragic love story. It swirled in the triumphant gust of air as a historian slammed a book shut, having finally found the one fact he'd been searching for for years. The mote of dust was there when a child first learned to read, his small finger tracing the letters while his mother whispered the sounds. It was there when an old man revisited a favorite book from his youth, a faint smile on his lips as he remembered a different time. The mote of dust saw stories of adventure, of heartbreak, of discovery, and of quiet comfort. It never made a sound. It never changed a single word. But it was a part of every story, a silent, floating witness to the magic held within the room. It learned that you don't have to be the story to be part of the story. Sometimes, the most important role is simply to be there, to drift, and to see.",story_dust_everything.mp3